{"fexPreferences": {"AIG (GIWL)": true, "AIG (SIWL)": false, "Aetna (Protection Series)": false, "Aetna (Protection Series) (MT)": false, "Aflac (Final Expense)": true, "American Amicable (American Guardian)": true, "American Amicable (American Legacy)": true, "American Amicable (Dignity Solutions)": true, "American Amicable (Family Choice)": true, "American Amicable (Family Legacy)": true, "American Amicable (Family Protector Family Plan)": true, "American Amicable (Family Protector Legacy Plan)": true, "American Amicable (Family Solution)": true, "American Amicable (Golden Solution)": false, "American Amicable (Innovative Choice)": false, "American Amicable (Innovative Solutions)": false, "American Amicable (Peace of Mind Family Plan)": false, "American Amicable (Peace of Mind NC)": false, "American Amicable (Peace of Mind)": false, "American Amicable (Platinum Solution Family Plan)": true, "American Amicable (Platinum Solution Legacy Plan)": true, "American Amicable (Senior Choice)": true, "American Home Life (GuideStar 0-44)": false, "American Home Life (GuideStar 45+)": false, "American Home Life (Patriot Series)": false, "Americo": true, "Baltimore Life (Silver Guard)": false, "Baltimore Life (aPriority 0-49)": false, "Baltimore Life (aPriority 50+)": false, "Baltimore Life (iProvide 45-69)": false, "Baltimore Life (iProvide 70+)": false, "Bankers Fidelity Final Expense": false, "Bankers Fidelity Final Expense (MT)": false, "Better Life": false, "CVS (Aetna Accendo)": true, "CVS (Aetna Accendo) (MT)": true, "Catholic Financial (Graded Whole Life)": false, "Christian Fidelity": false, "Cica Life (Superior Choice)": false, "Cincinnati Equitable": false, "Elco (Silver Eagle)": false, "Family Benefit Life": false, "Fidelity Life (RAPIDecision Guaranteed Issue)": false, "First Guaranty": false, "Foresters (PlanRight)": false, "GPM": true, "Gerber": true, "Guarantee Trust Life": false, "Illinois Mutual (Path Protector Plus)": false, "KSKJ": false, "LCBA (Loyal Christian Benefit Association)": false, "Lafayette Life": false, "Liberty Bankers": false, "Lifeshield": false, "Lincoln Heritage": false, "Mountain Life": false, "Mutual of Omaha (Living Promise)": true, "Occidental Life (American Guardian)": true, "Occidental Life (American Legacy)": true, "Occidental Life (Dignity Solutions)": false, "Occidental Life (Family Choice)": true, "Occidental Life (Family Legacy)": true, "Occidental Life (Family Protector Family Plan)": true, "Occidental Life (Family Protector Legacy Plan)": true, "Occidental Life (Family Solution)": true, "Occidental Life (Golden Solution)": false, "Occidental Life (Innovative Choice)": false, "Occidental Life (Innovative Solutions)": false, "Occidental Life (Peace of Mind Family Plan)": false, "Occidental Life (Peace of Mind NC)": false, "Occidental Life (Peace of Mind)": false, "Occidental Life (Platinum Solution Family Plan)": true, "Occidental Life (Platinum Solution Legacy Plan)": true, "Occidental Life (Senior Choice)": true, "Oxford": false, "Pekin (Final Expense)": false, "Polish Falcons": false, "Royal Arcanum (Graded Benefit)": false, "Royal Arcanum (SIWL)": false, "Royal Arcanum (Whole Life)": false, "Royal Neighbors (Ensured Legacy)": true, "Royal Neighbors (Jet Whole Life)": true, "SBLI (Living Legacy)": false, "Security National (Loyalty Plan)": false, "Senior Life (Platinum Protection)": false, "Sentinel": false, "Standard Life": false, "Transamerica (Express)": false, "Transamerica (Solutions)": false, "Trinity Life": false, "UHL": false}, "termPreferences": {"American Amicable (Easy Term)": true, "American Amicable (Home Certainty)": true, "American Amicable (Home Protector)": true, "American Amicable (Pioneer Security)": false, "American Amicable (Safecare Term)": true, "American Amicable (Survivor Protector)": true, "American Amicable (Term Made Simple)": true, "Americo (Continuation 10)": true, "Americo (Continuation 25)": true, "Americo (HMS)": true, "Americo (Payment Protector Continuation)": true, "Americo (Payment Protector)": true, "Foresters (Strong Foundation)": false, "Foresters (Your Term Medical)": false, "Foresters (Your Term)": false, "GTL (Turbo Term)": false, "InstaBrain (Term)": false, "John Hancock (Simple Term with Vitality 2023)": false, "Kansas City Life": false, "Mutual of Omaha (Term Life Express)": true, "National Life Group (LSW Level Term)": false, "Primerica (Term Now)": false, "Protective (Classic Choice Term)": false, "Royal Neighbors (Jet Term)": true, "Transamerica (Trendsetter LB 2017)": false, "Transamerica (Trendsetter Super 2021)": false, "UHL (Simple Term)": false}}